[{"showID":"c659598b-3432-4e22-9a3b-921496fd1eb2","rows":9,"seatsInRow":14,"bookings":{}},{"showID":"43316d22-6e69-4732-9158-ff38bf54841b","rows":9,"seatsInRow":14,"bookings":{}},{"showID":"128b878f-67e5-4b52-a18c-1b827da4b449","rows":9,"seatsInRow":14,"bookings":{}},{"showID":"cb44277f-5fd3-4af0-ab2e-676193ed93b1","rows":9,"seatsInRow":14,"bookings":{}},{"showID":"0234b441-8f04-4053-86da-355808e392ee","rows":9,"seatsInRow":14,"bookings":{}},{"showID":"af40c06e-3927-4af3-9276-47e245d9d4d3","rows":9,"seatsInRow":14,"bookings":{}},{"showID":"02759d95-e4b4-47cb-a197-a7d3d7ce18a9","rows":9,"seatsInRow":14,"bookings":{}},{"showID":"68f8ef07-ff3c-4190-ab8e-482b9399aa97","rows":9,"seatsInRow":10,"bookings":{}},{"showID":"d1aac29d-1186-4c12-8ecb-7ef0811e76a3","rows":9,"seatsInRow":10,"bookings":{}},{"showID":"6cc6bbea-a45d-42bb-b978-5516ed9170b8","rows":9,"seatsInRow":10,"bookings":{}},{"showID":"5b4a7d86-7d3a-49a0-8abd-35ece6568324","rows":9,"seatsInRow":10,"bookings":{}},{"showID":"7871629c-a980-4847-a5ba-b8735b92e732","rows":9,"seatsInRow":10,"bookings":{}},{"showID":"faba75f9-e414-426c-991b-bff7d432ddae","rows":9,"seatsInRow":10,"bookings":{}},{"showID":"f343148c-1faf-429f-aa15-0a1e9ee6ab58","rows":9,"seatsInRow":10,"bookings":{}},{"showID":"36daffe2-f734-44c5-a348-b174fc001907","rows":10,"seatsInRow":14,"bookings":{}},{"showID":"b6b21d95-6cce-4585-99dd-20f0d10e8038","rows":10,"seatsInRow":14,"bookings":{}},{"showID":"5a6a86a7-2a37-4c9c-91a1-9c719572ac21","rows":10,"seatsInRow":14,"bookings":{}},{"showID":"be265580-7adb-4af2-be98-a91af541ba64","rows":10,"seatsInRow":14,"bookings":{}},{"showID":"add0c7b0-1dca-461b-ba3a-5ee6b60234a0","rows":10,"seatsInRow":14,"bookings":{}},{"showID":"e00d3447-946c-4073-aefb-1e4ab307f8d1","rows":10,"seatsInRow":14,"bookings":{}},{"showID":"3ea87772-62a7-4304-a13e-f3619b67ef39","rows":10,"seatsInRow":14,"bookings":{}},{"showID":"9954665e-571a-48e8-aa91-b373288524ef","rows":12,"seatsInRow":13,"bookings":{}},{"showID":"7de89e92-f07a-46d0-9a35-4232e9bddf74","rows":12,"seatsInRow":13,"bookings":{}},{"showID":"ea0b5bf8-eb2f-4532-a10e-d47abfd7106f","rows":12,"seatsInRow":13,"bookings":{}},{"showID":"8e69ea35-b8fc-41e4-8bd7-0a494da32786","rows":12,"seatsInRow":13,"bookings":{}},{"showID":"f3607590-f0c7-482c-985e-9aaeeba9c374","rows":12,"seatsInRow":13,"bookings":{}},{"showID":"e70db065-509a-40c5-bb2c-67cdef39b150","rows":12,"seatsInRow":13,"bookings":{}},{"showID":"f00d2e7e-74dd-474c-ae47-d55ad1eedfe1","rows":12,"seatsInRow":13,"bookings":{}},{"showID":"7d0ab886-48ee-4294-9580-82a142e978a5","rows":8,"seatsInRow":10,"bookings":{}},{"showID":"1dd1e11d-5c95-4b1a-bfc3-ecd95b177258","rows":8,"seatsInRow":10,"bookings":{}},{"showID":"298458de-4008-4149-8d7e-a210ad23da74","rows":8,"seatsInRow":10,"bookings":{}},{"showID":"2e26362d-1c1a-4e2c-b908-4a0e2662813c","rows":8,"seatsInRow":10,"bookings":{}},{"showID":"7c3ff314-bd82-4f5e-b53f-fa65a5f3832e","rows":8,"seatsInRow":10,"bookings":{}},{"showID":"ab2123b2-c351-4c7c-9de1-758fe5cd0cdc","rows":8,"seatsInRow":10,"bookings":{}},{"showID":"fa4c9d9c-1c5f-464b-bda8-ae9141d3b345","rows":9,"seatsInRow":14,"bookings":{}},{"showID":"ed2e254f-d487-43ca-a84d-55a464329f83","rows":9,"seatsInRow":14,"bookings":{}},{"showID":"be2b58d4-0a05-419f-84fc-06078ecefee2","rows":9,"seatsInRow":14,"bookings":{}},{"showID":"6f51af26-0187-4972-9ec6-31798a0dbb0e","rows":9,"seatsInRow":14,"bookings":{}},{"showID":"06b19bd8-f876-430d-b5c6-6726f00c9650","rows":9,"seatsInRow":14,"bookings":{}},{"showID":"5cfcd0a4-53b5-4250-9517-89adafdf316c","rows":9,"seatsInRow":14,"bookings":{}},{"showID":"f7248fdd-d8f4-467e-a0c0-411fbabb3194","rows":9,"seatsInRow":14,"bookings":{}},{"showID":"68395262-b519-47f6-b9a6-5bbfd033ffe9","rows":9,"seatsInRow":10,"bookings":{}},{"showID":"d4bd897f-7d10-427a-ab38-ee5f8b3a80d1","rows":9,"seatsInRow":10,"bookings":{}},{"showID":"36285cc8-cb82-4b3d-b156-a0c4d8e827da","rows":9,"seatsInRow":10,"bookings":{}},{"showID":"6d0e7ddf-0d71-46db-b118-af8062cf0e89","rows":9,"seatsInRow":10,"bookings":{}},{"showID":"d385b32d-e9ca-4e68-b43e-9ddbaadde62a","rows":9,"seatsInRow":10,"bookings":{}},{"showID":"8c67753a-07d4-436f-b069-2aa3e1a21205","rows":9,"seatsInRow":10,"bookings":{}},{"showID":"30e6211b-0edd-4a50-8282-7d282a207466","rows":9,"seatsInRow":10,"bookings":{}},{"showID":"4e56c919-6ce4-4a77-bcf7-8424eb1c7f4b","rows":10,"seatsInRow":14,"bookings":{}},{"showID":"ca61fb90-91cf-4290-8a58-19904f24cfe6","rows":10,"seatsInRow":14,"bookings":{}},{"showID":"a6ef3daa-be06-4079-8339-7b8e20d772a9","rows":10,"seatsInRow":14,"bookings":{}},{"showID":"742174d9-caff-4a03-88bc-d15e73b4cc46","rows":10,"seatsInRow":14,"bookings":{}},{"showID":"0f3ba5dc-9a34-494e-a88a-4f5a0bbd61f2","rows":10,"seatsInRow":14,"bookings":{}},{"showID":"d3cf286d-b025-4992-98e4-dc47a4e6c1c4","rows":10,"seatsInRow":14,"bookings":{}},{"showID":"497eb249-0a99-4123-8c15-cd6a556fc7a1","rows":10,"seatsInRow":14,"bookings":{}},{"showID":"d8d77986-4bf2-466c-9411-1e05ea209ac8","rows":12,"seatsInRow":13,"bookings":{}},{"showID":"004b4d20-cbe0-42bd-a531-e581bd0f3400","rows":12,"seatsInRow":13,"bookings":{}},{"showID":"c9295d44-7ea0-4cef-be81-e8f5c4173922","rows":12,"seatsInRow":13,"bookings":{}},{"showID":"63901cfb-ef72-42ba-817b-60c51106c0f6","rows":12,"seatsInRow":13,"bookings":{}},{"showID":"4b7e5590-2200-4b41-ae52-71fb93cf616f","rows":12,"seatsInRow":13,"bookings":{}},{"showID":"e3422f04-ab0c-4feb-828b-0c42debc6f4f","rows":12,"seatsInRow":13,"bookings":{}},{"showID":"bd04cb99-3be5-4d89-8eab-6abbc9fc30b0","rows":12,"seatsInRow":13,"bookings":{}},{"showID":"8e58d019-fb9e-4f27-b871-1017b2c510d9","rows":8,"seatsInRow":10,"bookings":{}},{"showID":"824b9620-d8e7-4789-9006-899a433468e6","rows":8,"seatsInRow":10,"bookings":{}},{"showID":"c8b67e47-a4a2-416d-94fe-81456fae4cf7","rows":8,"seatsInRow":10,"bookings":{}},{"showID":"17cd53e5-8f9b-4c2a-82ff-0200791a1945","rows":8,"seatsInRow":10,"bookings":{}},{"showID":"82e2d240-6300-4501-a7a8-cbf1a59d6ed6","rows":8,"seatsInRow":10,"bookings":{}},{"showID":"a2f731c8-728b-47ab-9cff-84c4736fd6d8","rows":8,"seatsInRow":10,"bookings":{}},{"showID":"0a6c49b1-a6f3-417b-8739-2db5babd934c","rows":9,"seatsInRow":14,"bookings":{}},{"showID":"1504da55-bb1c-4d02-8c6c-1a9180415977","rows":9,"seatsInRow":14,"bookings":{}},{"showID":"1bb57d33-1285-4439-91ed-9f560e593a74","rows":9,"seatsInRow":14,"bookings":{}},{"showID":"28ec7bcb-3364-43ea-a55a-2dcb73614f43","rows":9,"seatsInRow":14,"bookings":{}},{"showID":"a85febca-e818-4a25-94bb-fa0c0876268a","rows":9,"seatsInRow":14,"bookings":{}},{"showID":"3039d156-cc28-422a-9498-18d642f1bccd","rows":9,"seatsInRow":14,"bookings":{}},{"showID":"a4952d5e-3b0d-4acb-a480-38d2c63fd59d","rows":9,"seatsInRow":14,"bookings":{}},{"showID":"49dbed72-86c7-4f4d-a8a2-6fc870a44db8","rows":9,"seatsInRow":10,"bookings":{}},{"showID":"4b512535-5dd3-40d4-b7d6-92e1f2e0678d","rows":9,"seatsInRow":10,"bookings":{}},{"showID":"466fa8e6-d6e5-4804-8af8-d4de37858f47","rows":9,"seatsInRow":10,"bookings":{}},{"showID":"3a00142c-70d7-4d0f-b37f-226d0d4da7c5","rows":9,"seatsInRow":10,"bookings":{}},{"showID":"4ad84562-5c27-44e9-a0d3-1fe0cc5e3579","rows":9,"seatsInRow":10,"bookings":{}},{"showID":"c8d1b026-1dc0-46c2-a3d8-a999aebf3eca","rows":9,"seatsInRow":10,"bookings":{}},{"showID":"3e3b069b-4ea8-48a1-b095-9d131862a3dc","rows":9,"seatsInRow":10,"bookings":{}},{"showID":"ac609209-22fc-4c6e-a859-04a6ec03523d","rows":9,"seatsInRow":10,"bookings":{}},{"showID":"ff94e9dc-520f-4bf7-a60d-337880be23f7","rows":10,"seatsInRow":14,"bookings":{}},{"showID":"246e71a1-257d-4cf3-b218-f27b321cdf61","rows":10,"seatsInRow":14,"bookings":{}},{"showID":"778ce8fe-0a28-4229-8551-256a165f8bf0","rows":10,"seatsInRow":14,"bookings":{}},{"showID":"e46b73a1-54a4-4dca-91ae-b4758fdacb0b","rows":10,"seatsInRow":14,"bookings":{}},{"showID":"7e732d80-1769-4bc0-beaa-5f124698977b","rows":10,"seatsInRow":14,"bookings":{}},{"showID":"19178e1f-7292-49c3-a49b-15f16cb7c3b4","rows":10,"seatsInRow":14,"bookings":{}},{"showID":"188abaca-69ee-4bb2-a7d7-e9ddb3e420d3","rows":10,"seatsInRow":14,"bookings":{}},{"showID":"34edeac3-dbbf-4fa7-99ba-201ee6ef161f","rows":10,"seatsInRow":14,"bookings":{}},{"showID":"c1eccb77-bcbc-454f-bd7a-877e020e7eb7","rows":12,"seatsInRow":13,"bookings":{}},{"showID":"5f42fe85-06c6-47b9-b735-73b562f3582a","rows":12,"seatsInRow":13,"bookings":{}},{"showID":"b21a4982-cad7-4d17-9ec4-a16656f2a461","rows":12,"seatsInRow":13,"bookings":{}},{"showID":"2f31c794-1a6d-4680-bb93-a147739aa73f","rows":12,"seatsInRow":13,"bookings":{}},{"showID":"7c512f7b-8486-44fe-ae19-5d960f615621","rows":12,"seatsInRow":13,"bookings":{}},{"showID":"5b37f18b-85f8-4cf8-b4c4-8103c8cca2aa","rows":12,"seatsInRow":13,"bookings":{}},{"showID":"629cdf08-037f-4288-9256-e6eb36c13f6e","rows":12,"seatsInRow":13,"bookings":{}},{"showID":"ea70c685-1a08-40a1-acad-9c661f58c6fe","rows":8,"seatsInRow":10,"bookings":{}},{"showID":"e8d05d94-1360-4f82-b266-9c893c399655","rows":8,"seatsInRow":10,"bookings":{}},{"showID":"40326325-8e15-4852-9007-88311c58d5d2","rows":8,"seatsInRow":10,"bookings":{}},{"showID":"77d53ff4-fd98-4958-b15c-606147190ba7","rows":8,"seatsInRow":10,"bookings":{}},{"showID":"9c79b9e4-d6c3-44b5-ad1d-e80932e4476f","rows":8,"seatsInRow":10,"bookings":{}},{"showID":"f05d125b-ed68-46d3-a6b6-269c096d0660","rows":8,"seatsInRow":10,"bookings":{}},{"showID":"145e9975-9fb5-4919-a895-37c76c05b17d","rows":9,"seatsInRow":14,"bookings":{}},{"showID":"9eec483c-4434-4192-a29d-8b5ceac52134","rows":9,"seatsInRow":14,"bookings":{}},{"showID":"fc5958da-269f-4f4f-865f-e78a5fff9be5","rows":9,"seatsInRow":14,"bookings":{}},{"showID":"c3699026-4026-4091-808f-d3d16d9a6d0a","rows":9,"seatsInRow":14,"bookings":{}},{"showID":"dc3328e9-1325-4708-a5e6-f54bc3cb2737","rows":9,"seatsInRow":14,"bookings":{}},{"showID":"984b959d-8d60-426f-9c66-294e72ee6c95","rows":9,"seatsInRow":14,"bookings":{}},{"showID":"d1244406-cc1e-4631-9d3b-873c2d8351a5","rows":9,"seatsInRow":14,"bookings":{}},{"showID":"5223077f-2f36-4921-8c8a-03e834a937eb","rows":9,"seatsInRow":10,"bookings":{}},{"showID":"69e4423a-e37d-4879-9cb3-36fb7a96e8bb","rows":9,"seatsInRow":10,"bookings":{}},{"showID":"470d6262-d476-404c-95be-08591decf01c","rows":9,"seatsInRow":10,"bookings":{}},{"showID":"acfb9703-5a4c-4ea3-999d-5037abd38460","rows":9,"seatsInRow":10,"bookings":{}},{"showID":"8c152560-3f80-4f44-adf2-ac8302eccf74","rows":9,"seatsInRow":10,"bookings":{}},{"showID":"7fb7162a-8159-4caa-81e4-2b75122b9ac9","rows":9,"seatsInRow":10,"bookings":{}},{"showID":"6f0e0676-1bf1-4dc0-b878-1c557a48d8cf","rows":9,"seatsInRow":10,"bookings":{}},{"showID":"ceb7d2e0-3851-4068-b73e-2aae92f02738","rows":10,"seatsInRow":14,"bookings":{}},{"showID":"fb1d399c-d699-4643-b5fd-cccfc41540df","rows":10,"seatsInRow":14,"bookings":{}},{"showID":"6d69891c-f7cb-4acc-925e-63662cb99680","rows":10,"seatsInRow":14,"bookings":{}},{"showID":"0a0e42ac-c23f-48df-afc0-0a8a4b65260e","rows":10,"seatsInRow":14,"bookings":{}},{"showID":"3f50a3f1-2663-46a1-95df-17903e671ba6","rows":10,"seatsInRow":14,"bookings":{}},{"showID":"c994a70b-83ca-46fe-8c52-6a1d353814a4","rows":10,"seatsInRow":14,"bookings":{}},{"showID":"b8aff967-7762-4c86-8b35-575cc7c1ad25","rows":10,"seatsInRow":14,"bookings":{}},{"showID":"0489b3d5-5b86-4aaa-b095-7c5f21dac1dd","rows":12,"seatsInRow":13,"bookings":{}},{"showID":"f05efe30-7671-42b0-88b4-27296bc3e609","rows":12,"seatsInRow":13,"bookings":{}},{"showID":"60e0f55f-5240-4f1e-b0ee-dc8132501a4f","rows":12,"seatsInRow":13,"bookings":{}},{"showID":"f1663d99-0912-44f5-abbc-55f980b9f5ad","rows":12,"seatsInRow":13,"bookings":{}},{"showID":"515159cd-f97d-402b-8b63-bce6e610d70a","rows":12,"seatsInRow":13,"bookings":{}},{"showID":"c34573f8-44ee-4936-9cfe-24d352dfc903","rows":12,"seatsInRow":13,"bookings":{}},{"showID":"1c38599b-6c51-4098-8619-e201128019ec","rows":12,"seatsInRow":13,"bookings":{}},{"showID":"04d5e2ab-f0a2-442c-b5d1-2ab0213868dc","rows":8,"seatsInRow":10,"bookings":{}},{"showID":"9eb00981-0ed8-41e1-96b5-7dc35da61c5e","rows":8,"seatsInRow":10,"bookings":{}},{"showID":"bed4d106-115a-46b8-9f63-dde7c31aa5b5","rows":8,"seatsInRow":10,"bookings":{}},{"showID":"09aa0006-09ea-4ea9-8947-e0d2145f58ab","rows":8,"seatsInRow":10,"bookings":{}},{"showID":"0cd5c767-d6c5-4fe2-83dc-167afc42ba05","rows":8,"seatsInRow":10,"bookings":{}},{"showID":"07970b9c-725e-4faf-ace8-7fa6e20615fd","rows":8,"seatsInRow":10,"bookings":{}},{"showID":"6f98351c-3e49-423e-b637-25f7134d5cdd","rows":8,"seatsInRow":10,"bookings":{}},{"showID":"c022453c-3549-4109-a997-d3037ab13774","rows":9,"seatsInRow":14,"bookings":{}},{"showID":"fc783882-cd17-4f83-9898-2435318e535d","rows":9,"seatsInRow":14,"bookings":{}},{"showID":"1a600431-50d8-4aec-adb7-82e22e576390","rows":9,"seatsInRow":14,"bookings":{}},{"showID":"1b372519-0511-4e14-81e2-914c2500e765","rows":9,"seatsInRow":14,"bookings":{}},{"showID":"e14daca3-0a30-4b20-a283-317c9a975a8c","rows":9,"seatsInRow":14,"bookings":{}},{"showID":"1a7a70bd-f20b-4a1b-896b-1178ce228878","rows":9,"seatsInRow":14,"bookings":{}},{"showID":"84398a36-664a-47a2-8a95-a34b2a33ab8d","rows":9,"seatsInRow":14,"bookings":{}},{"showID":"8321542e-0d35-4ec8-b8db-64124fadc259","rows":9,"seatsInRow":10,"bookings":{}},{"showID":"079a3616-e19d-450c-bec6-8560b97910b5","rows":9,"seatsInRow":10,"bookings":{}},{"showID":"4f4d0491-edea-4c69-898b-7a2a32a317b2","rows":9,"seatsInRow":10,"bookings":{}},{"showID":"1ae7c33a-59b5-48cf-81be-956e979ca692","rows":9,"seatsInRow":10,"bookings":{}},{"showID":"5ee52e3f-8d1b-4335-bc65-67fee9fbd4f2","rows":9,"seatsInRow":10,"bookings":{}},{"showID":"0e891274-04ca-4429-b707-af4021bd4f58","rows":9,"seatsInRow":10,"bookings":{}},{"showID":"635e013d-c443-4e9a-8983-de0cc8354ef7","rows":9,"seatsInRow":10,"bookings":{}},{"showID":"fb22cb7a-3ec5-42ef-8d1a-89c4964e282e","rows":10,"seatsInRow":14,"bookings":{}},{"showID":"869e2f17-6257-4160-bf84-c317df3813a7","rows":10,"seatsInRow":14,"bookings":{}},{"showID":"d39534a8-b8a8-4781-9984-7f7c701fa514","rows":10,"seatsInRow":14,"bookings":{}},{"showID":"62829b48-b60b-4690-a0ec-753bdd9ecac1","rows":10,"seatsInRow":14,"bookings":{}},{"showID":"f42bd8a5-c536-40ae-8d76-a6e53485d5d9","rows":10,"seatsInRow":14,"bookings":{}},{"showID":"3fb19ae1-a10d-445f-8114-2af820b8c607","rows":10,"seatsInRow":14,"bookings":{}},{"showID":"e7cfb786-2d3d-46b8-b079-537da100fa6e","rows":10,"seatsInRow":14,"bookings":{}},{"showID":"0d6a536b-bd53-4d7a-bc17-2cc46c0c2173","rows":12,"seatsInRow":13,"bookings":{}},{"showID":"0d4cc73e-3415-4bee-ab1f-069e7d578d89","rows":12,"seatsInRow":13,"bookings":{}},{"showID":"1efe818d-3b9f-46d9-bc46-217c192bb316","rows":12,"seatsInRow":13,"bookings":{}},{"showID":"f51a0c86-9ed2-43f9-84a9-bb8d2e24fd14","rows":12,"seatsInRow":13,"bookings":{}},{"showID":"9394e4a4-af39-4487-826a-a0ab47a56ead","rows":12,"seatsInRow":13,"bookings":{}},{"showID":"8ca0eb12-bf1b-4207-b6c8-80c07c0c3af7","rows":12,"seatsInRow":13,"bookings":{}},{"showID":"859a7d21-a718-4a56-86a2-13a8fa75f995","rows":12,"seatsInRow":13,"bookings":{}},{"showID":"e50a4c95-3ba8-4631-87fc-d14761b61136","rows":12,"seatsInRow":13,"bookings":{}},{"showID":"acef1652-fc8d-4c5f-acb0-b6c3f7f950f7","rows":8,"seatsInRow":10,"bookings":{}},{"showID":"3a9b1765-be9d-4434-86a5-f1cb284f2ddf","rows":8,"seatsInRow":10,"bookings":{}},{"showID":"51fb7cfd-f739-4e82-a0c6-f03108dd73ba","rows":8,"seatsInRow":10,"bookings":{}},{"showID":"a848c007-3aa9-4ebe-ab1d-64faba65071c","rows":8,"seatsInRow":10,"bookings":{}},{"showID":"67c0e80b-c241-4e4f-8824-ea8299e89687","rows":8,"seatsInRow":10,"bookings":{}},{"showID":"ec1999d4-a535-4a96-a30c-ecd652d06582","rows":8,"seatsInRow":10,"bookings":{}},{"showID":"426a1508-c3dd-42f2-8417-da50564c1218","rows":8,"seatsInRow":10,"bookings":{}},{"showID":"a93b6e03-bff9-435c-850a-13c1ed97bf1f","rows":8,"seatsInRow":10,"bookings":{}},{"showID":"989120f5-eeaa-46a3-8202-4d1341403cd7","rows":9,"seatsInRow":14,"bookings":{}},{"showID":"60a2ee6d-0bf2-4cb6-8521-fab6441b4ce1","rows":9,"seatsInRow":14,"bookings":{}},{"showID":"b3afcf9c-8761-4e79-96ca-a18e6e6b743b","rows":9,"seatsInRow":14,"bookings":{}},{"showID":"b47a8ea0-0fb9-4fea-b545-d11a34414d38","rows":9,"seatsInRow":14,"bookings":{}},{"showID":"2ff28501-fc38-4b94-9ca0-1cf6bf0f1720","rows":9,"seatsInRow":14,"bookings":{}},{"showID":"f5d23e62-58cb-431c-894b-54edcd2ed6c6","rows":9,"seatsInRow":14,"bookings":{}},{"showID":"591aae96-b7fb-472d-b806-0b272990a095","rows":9,"seatsInRow":14,"bookings":{}},{"showID":"ecead5c2-ca95-4758-a0b7-38ef96813ef0","rows":9,"seatsInRow":10,"bookings":{}},{"showID":"683faa9d-b405-4d9f-9c53-bb81e9c50e6d","rows":9,"seatsInRow":10,"bookings":{}},{"showID":"6aaafdfd-2396-4b99-8f18-34e182644a6f","rows":9,"seatsInRow":10,"bookings":{}},{"showID":"1c673ba8-c2ae-4a83-8342-ebeeb0f9f90e","rows":9,"seatsInRow":10,"bookings":{}},{"showID":"c357612f-135a-4b4e-8e3b-f450946076be","rows":9,"seatsInRow":10,"bookings":{}},{"showID":"2a3bcd8a-f9a0-4dc5-a197-f1534073c337","rows":9,"seatsInRow":10,"bookings":{}},{"showID":"96bfcad9-d3e0-4cc0-ad7c-ac27132d3a02","rows":9,"seatsInRow":10,"bookings":{}},{"showID":"03711f03-2f65-46c6-a0ff-e750412c6d45","rows":10,"seatsInRow":14,"bookings":{}},{"showID":"e325b938-2a11-4579-b71b-9cc056e3b172","rows":10,"seatsInRow":14,"bookings":{}},{"showID":"eee86947-6362-492f-8216-2e19774324ea","rows":10,"seatsInRow":14,"bookings":{}},{"showID":"246d60e6-9ee7-439f-b509-57092516ddb9","rows":10,"seatsInRow":14,"bookings":{}},{"showID":"8f5000b0-f748-46ca-9cc2-f7f8bbc2fb8d","rows":10,"seatsInRow":14,"bookings":{}},{"showID":"a5d1c151-9b0d-4dd7-808b-1546b08939bc","rows":10,"seatsInRow":14,"bookings":{}},{"showID":"0da96f2e-25fa-4774-a063-40faf4eeb8c9","rows":10,"seatsInRow":14,"bookings":{}},{"showID":"a1738a83-a8fe-4486-9692-723f7d18243b","rows":12,"seatsInRow":13,"bookings":{}},{"showID":"fe6148aa-6b93-474d-93a4-ea37d2c83429","rows":12,"seatsInRow":13,"bookings":{}},{"showID":"0288dd9e-3bb6-482a-8e32-cb63aca50e8f","rows":12,"seatsInRow":13,"bookings":{}},{"showID":"2daead86-6224-417f-b3e7-adfb72e5fe0e","rows":12,"seatsInRow":13,"bookings":{}},{"showID":"07d49c51-63cb-4182-92b7-05caa01a04f9","rows":12,"seatsInRow":13,"bookings":{}},{"showID":"7c6d8951-ecb5-4823-9782-2444c74d652d","rows":12,"seatsInRow":13,"bookings":{}},{"showID":"83b81180-3a8f-4e09-9597-509daa557772","rows":12,"seatsInRow":13,"bookings":{}},{"showID":"b30242a6-30a7-47bb-bc5b-35c0f4396b3b","rows":12,"seatsInRow":13,"bookings":{}},{"showID":"2a18a86d-9940-4279-a722-245646e9e8ea","rows":8,"seatsInRow":10,"bookings":{}},{"showID":"9061161d-a5d2-4adb-bcd9-1c5df5827a25","rows":8,"seatsInRow":10,"bookings":{}},{"showID":"480688b8-3464-43c3-a95c-3d9d6472eb47","rows":8,"seatsInRow":10,"bookings":{}},{"showID":"890bc8b0-0d52-4197-b483-23eab433dec4","rows":8,"seatsInRow":10,"bookings":{}},{"showID":"b78d0501-6c6b-4933-b312-d6aba6de7e08","rows":8,"seatsInRow":10,"bookings":{}},{"showID":"302afbfd-5984-4af4-8bd9-e304e35321ae","rows":8,"seatsInRow":10,"bookings":{}},{"showID":"f3592244-df60-40db-b27d-4cf36e8e212c","rows":8,"seatsInRow":10,"bookings":{}},{"showID":"139ef62e-decb-4237-af0a-89a8c57fc3c6","rows":9,"seatsInRow":14,"bookings":{}},{"showID":"b765a2c3-961f-4b1f-b635-92229b649f73","rows":9,"seatsInRow":14,"bookings":{}},{"showID":"cad381df-362a-449b-8376-1a0442ff5858","rows":9,"seatsInRow":14,"bookings":{}},{"showID":"b2f26cb4-e252-40a1-8b0f-1493d8696d99","rows":9,"seatsInRow":14,"bookings":{}},{"showID":"994f78d6-adc1-4c84-8667-c1398cb568af","rows":9,"seatsInRow":14,"bookings":{}},{"showID":"3bd250a5-1be3-474d-8f49-3232f7eb3b08","rows":9,"seatsInRow":14,"bookings":{}},{"showID":"317caa87-9b3a-4879-9705-6a7b1ef4d384","rows":9,"seatsInRow":14,"bookings":{}},{"showID":"f4b6be0d-e81b-480c-8cfc-7ae3a3cf7afe","rows":9,"seatsInRow":10,"bookings":{}},{"showID":"4b6dd7bb-d33c-46df-8227-97d6a0d83e39","rows":9,"seatsInRow":10,"bookings":{}},{"showID":"4088c33a-cbc1-4b99-84c9-8f63778efb83","rows":9,"seatsInRow":10,"bookings":{}},{"showID":"dd940c73-3c93-4a6a-8dad-2f64562b4c2e","rows":9,"seatsInRow":10,"bookings":{}},{"showID":"1d60e945-e3f1-45ca-887b-e542698e6989","rows":9,"seatsInRow":10,"bookings":{}},{"showID":"cda9a1b7-0f02-4b22-9594-133d46190298","rows":9,"seatsInRow":10,"bookings":{}},{"showID":"6c050d71-cac4-4ac7-8be6-6541b6da54e4","rows":10,"seatsInRow":14,"bookings":{}},{"showID":"643f497e-481a-4c6e-92c5-56088db8b5ce","rows":10,"seatsInRow":14,"bookings":{}},{"showID":"a81ca548-a83c-4c38-ab2a-25bfc82113b1","rows":10,"seatsInRow":14,"bookings":{}},{"showID":"7ab6cfba-1470-42cc-911b-16cd9e545cad","rows":10,"seatsInRow":14,"bookings":{}},{"showID":"853c9473-7535-40e0-8233-18efb449dc17","rows":10,"seatsInRow":14,"bookings":{}},{"showID":"21f9a27e-ec17-447a-9e1d-67a510792061","rows":10,"seatsInRow":14,"bookings":{}},{"showID":"8129fbde-ae8a-4a75-9432-f152b959ce4e","rows":12,"seatsInRow":13,"bookings":{}},{"showID":"8ea0dd2b-daba-4a64-aadb-2b89cbb48d6d","rows":12,"seatsInRow":13,"bookings":{}},{"showID":"2a60f54c-2f99-42d3-b7da-f5c60e0327ea","rows":12,"seatsInRow":13,"bookings":{}},{"showID":"4b831807-79a7-4937-8884-07a900c22bd8","rows":12,"seatsInRow":13,"bookings":{}},{"showID":"f2a17135-5c6c-417e-b59e-87ac57e5edc6","rows":12,"seatsInRow":13,"bookings":{}},{"showID":"75fd3587-e19c-42bd-8b58-635b7788d443","rows":12,"seatsInRow":13,"bookings":{}},{"showID":"4b9cce0d-a74b-4d7e-8806-596ec4184559","rows":8,"seatsInRow":10,"bookings":{}},{"showID":"a1f525d4-1ae2-453d-a698-7c6ed7debee3","rows":8,"seatsInRow":10,"bookings":{}},{"showID":"4b921000-ba28-4509-8a22-958934bbbb96","rows":8,"seatsInRow":10,"bookings":{}},{"showID":"2ba13f3b-453b-4406-a233-d6b9019eada9","rows":8,"seatsInRow":10,"bookings":{}},{"showID":"d9f37b7a-f076-44ff-a993-bf474dce0f09","rows":8,"seatsInRow":10,"bookings":{}},{"showID":"f5a48598-fa40-4f28-8f50-a7c7c5a11ead","rows":8,"seatsInRow":10,"bookings":{}},{"showID":"ff570704-6ace-4903-8b62-915545e791cb","rows":8,"seatsInRow":10,"bookings":{}}]